spacer,align,genomic loci,gene,SA score,AS score,FS score,GuidePro score
GCACTATGGAGAGTCCGCCC,1,chr6:50626521.0-50626540.0(-),A1BG,0.241,0.98,0.09,0.845
GGCGTCATTGAGAGCCAGGG,1,chr6:50627390.0-50627409.0(+),A1BG,0.299,0.709,0.245,0.763
AGAAAGAGCTGCTGGTACCC,1,chr6:50626420.0-50626439.0(-),A1BG,0.335,0.608,0.314,0.752
CCGGGTGTGATCCAGGACAC,1,chr6:50627369.0-50627388.0(+),A1BG,0.127,0.885,0.267,0.751
GGCTCTGGAAACGGTGCACG,1,chr6:50625346.0-50625365.0(+),A1BG,0.422,0.631,0.087,0.743
CGTTCAGGTGAAAGAAGATG,1,chr6:50626377.0-50626396.0(+),A1BG,0.463,0.672,-0.063,0.743
TCACTGCTGAGCCTGCGACT,1,chr6:50625464.0-50625483.0(-),A1BG,0.238,0.932,-0.103,0.717
CCACCTGCACTGATGCACTA,1,chr6:50626535.0-50626554.0(-),A1BG,0.205,0.665,0.368,0.702
GCCCCACGAAGGTCAGCTGG,1,chr6:50622373.0-50622392.0(+),A1BG,0.227,0.69,0.179,0.653
AGAGCGCCTCGGTCCCAGCA,1,chr6:50625325.0-50625344.0(+),A1BG,0.428,0.522,0.05,0.649
GGTCCTGAGCCCAGGCGACA,1,chr6:50626500.0-50626519.0(-),A1BG,0.276,0.61,0.172,0.634
CAACTACAGCTGCGTCTACG,1,chr6:50625271.0-50625290.0(-),A1BG,0.431,0.537,-0.073,0.607
TGAGGGTTTCAGCAGCGATT,1,chr6:50628016.0-50628035.0(+),A1BG,0.016,0.853,0.225,0.607
GGCGCGGAGCCCCCAAAAGG,1,chr6:50625237.0-50625256.0(+),A1BG,0.227,0.618,0.195,0.606
TCTCCATAGTGCATCAGTGC,1,chr6:50626529.0-50626548.0(+),A1BG,0.194,0.54,0.367,0.597
GCCTGGGCTCAGGACCTGGG,1,chr6:50626504.0-50626523.0(+),A1BG,0.28,0.491,0.256,0.587
ATCCTGTGAACAACCCTGAG,1,chr6:50627841.0-50627860.0(+),A1BG,0.505,0.21,0.234,0.568
TCACACCCCGAAGCCCGCCT,1,chr6:50627325.0-50627344.0(+),A1BG,0.191,0.686,0.049,0.558
CCTGTGTCCTGGATCACACC,1,chr6:50627372.0-50627391.0(-),A1BG,0.464,0.253,0.222,0.558
GGCTCCGGGTTCCGAGTCGC,1,chr6:50625450.0-50625469.0(+),A1BG,0.016,0.932,-0.034,0.548
AGGAACTGGTGCTTGATGGC,1,chr6:50627897.0-50627916.0(+),A1BG,0.272,0.416,0.3,0.543
GTGCAGCTCGAAGAGCGCCT,1,chr6:50625314.0-50625333.0(+),A1BG,0.354,0.507,-0.03,0.534
CACTGCTGTTGTGTTCAGGC,1,chr6:50627350.0-50627369.0(+),A1BG,0.283,0.445,0.176,0.518
GCCGCCGTCCTCGCGTACCA,1,chr6:50625374.0-50625393.0(+),A1BG,0.545,0.151,0.14,0.516
TGAGCCTGCGACTCGGAACC,1,chr6:50625457.0-50625476.0(-),A1BG,0.458,0.145,0.303,0.507
CTGGCACGTCAGCATCACAT,1,chr6:50627992.0-50628011.0(+),A1BG,0.356,0.217,0.384,0.507
AGGTGAAAGAAGATGCGGTC,1,chr6:50626382.0-50626401.0(+),A1BG,0.192,0.672,-0.057,0.5
AACACAACAGCAGTGTGCCG,1,chr6:50627345.0-50627364.0(-),A1BG,0.25,0.5,0.113,0.5
GACCTGAAGCCGCCTTTTGG,1,chr6:50625249.0-50625268.0(-),A1BG,0.326,0.355,0.201,0.5
CCTGGGAGATCAAGGCTGCA,100,chr6:50621633.0-50621652.0(+),A1BG,0.55,0.089,0.194,0.499
TGAGACCCAGCCCAGCCTGT,1,chr6:50628048.0-50628067.0(-),A1BG,0.523,0.088,0.247,0.497
GGTGAAAGAAGATGCGGTCT,1,chr6:50626383.0-50626402.0(+),A1BG,0.253,0.534,0.031,0.491
GCGATTCGGACTCTGCCCAC,1,chr6:50628030.0-50628049.0(+),A1BG,0.251,0.384,0.241,0.473
GGCCTCAGCTCCGGGCAGCG,1,chr6:50622533.0-50622552.0(-),A1BG,0.365,0.387,0.012,0.472
AGCCTTCTGCTGCAACAGGA,1,chr6:50621860.0-50621879.0(+),A1BG,0.52,0.089,0.184,0.468
CTGCTGTCCTCAGAAGTGCG,1,chr6:50621906.0-50621925.0(-),A1BG,0.45,0.089,0.312,0.462
AAGAGCGCCTCGGTCCCAGC,1,chr6:50625324.0-50625343.0(+),A1BG,0.157,0.522,0.161,0.454
ACAACAGCAGTGTGCCGAGG,1,chr6:50627342.0-50627361.0(-),A1BG,0.162,0.611,-0.014,0.446
TGTCGCCTGGGCTCAGGACC,1,chr6:50626500.0-50626519.0(+),A1BG,-0.017,0.632,0.269,0.43
ACCGTTTCCAGAGCCCTGCT,1,chr6:50625341.0-50625360.0(-),A1BG,0.237,0.341,0.216,0.415
GTCAGCATCACATTGGCTGA,1,chr6:50627999.0-50628018.0(+),A1BG,0.351,0.25,0.134,0.413
CTGCTGACGGGTGACACCCG,1,chr6:50627879.0-50627898.0(-),A1BG,0.205,0.368,0.226,0.411
CCAGAGCCCTGCTGGGACCG,1,chr6:50625334.0-50625353.0(-),A1BG,0.044,0.516,0.295,0.409
GCTCAGGGTTGTTCACAGGA,1,chr6:50627842.0-50627861.0(-),A1BG,0.302,0.281,0.164,0.406
GGGCTCCCTGGGGGGCTGGA,2,chr6:50621840.0-50621859.0(-),A1BG,0.377,0.089,0.327,0.403
ACAGGCGTCATTGAGAGCCA,1,chr6:50627387.0-50627406.0(+),A1BG,0.259,0.293,0.218,0.401
CAACAGCAGTGTGCCGAGGC,1,chr6:50627341.0-50627360.0(-),A1BG,-0.007,0.686,0.093,0.399
TGAGTTTCTGGAGATGCCTG,1,chr6:50627277.0-50627296.0(-),A1BG,0.413,0.202,0.056,0.396
TTAATTCCTGGCAGGAATGA,1,chr6:50621810.0-50621829.0(+),A1BG,0.37,0.089,0.325,0.396
GTCACTACACCTGCCGCTAC,1,chr6:50626336.0-50626355.0(-),A1BG,0.249,0.507,-0.133,0.392
AGCCCGGTGGACAGGAAAGG,1,chr6:50627233.0-50627252.0(+),A1BG,0.333,0.111,0.351,0.39
CAGCTCCGGGCAGCGTGGAG,1,chr6:50622528.0-50622547.0(-),A1BG,-0.067,0.732,0.111,0.388
GGAATCCTGTGTCCTGAAAG,1,chr6:50621733.0-50621752.0(-),A1BG,0.472,0.089,0.09,0.38
GGTGCCGCTACCGCTCCTGG,1,chr6:50622332.0-50622351.0(-),A1BG,0.392,0.217,0.026,0.376
CGTTGTCATGCAGCCGGTAG,1,chr6:50626320.0-50626339.0(+),A1BG,0.189,0.507,-0.066,0.368
CGGAGCCCGGCACGCGCGTG,1,chr6:50625437.0-50625456.0(-),A1BG,0.161,0.484,0.015,0.362
TCCTGTGTCCTGAAAGTGGA,1,chr6:50621729.0-50621748.0(-),A1BG,0.408,0.089,0.172,0.36
GCGCTTCGCCCTGGTACGCG,1,chr6:50625385.0-50625404.0(-),A1BG,0.402,0.107,0.151,0.359
TGAGAGCCAGGGAGGAGGCA,1,chr6:50627398.0-50627417.0(+),A1BG,0.008,0.541,0.21,0.356
ACTGCTGTTGTGTTCAGGCC,1,chr6:50627351.0-50627370.0(+),A1BG,0.021,0.569,0.136,0.356
CCTGTGTCCTGAAAGTGGAT,1,chr6:50621728.0-50621747.0(-),A1BG,0.419,0.089,0.13,0.351
CCTGCTGACGGGTGACACCC,1,chr6:50627880.0-50627899.0(-),A1BG,0.131,0.368,0.237,0.35
GGGGCCCTCGCAGCGCAGGA,1,chr6:50622479.0-50622498.0(+),A1BG,0.222,0.259,0.236,0.349
TCACCCAGGCTGGAGCCCAG,25,chr6:50621671.0-50621690.0(-),A1BG,0.326,0.089,0.289,0.339
GGAGGTTTGCAGCGGCCTCG,1,chr6:50622391.0-50622410.0(+),A1BG,0.428,0.204,-0.103,0.339
CTTGAACAGCTGGAAGTCTG,1,chr6:50627956.0-50627975.0(+),A1BG,0.439,-0.094,0.358,0.335
GGACCTGAAGCCGCCTTTTG,1,chr6:50625250.0-50625269.0(-),A1BG,0.114,0.355,0.258,0.334
GCCTTCTGCTGCAACAGGAC,1,chr6:50621861.0-50621880.0(+),A1BG,0.387,0.089,0.144,0.328
CCCTGCAGCCTTGATCTCCC,5,chr6:50621636.0-50621655.0(-),A1BG,0.388,0.089,0.137,0.325
GCACTTCCAGCTGTGGCGCG,1,chr6:50626443.0-50626462.0(-),A1BG,0.303,0.122,0.249,0.325
TGAGGACAGCAGCAGCACCC,2,chr6:50621914.0-50621933.0(+),A1BG,0.388,0.089,0.133,0.324
TCCTGTTGCAGCAGAAGGCT,1,chr6:50621860.0-50621879.0(-),A1BG,0.311,0.089,0.272,0.318
GGGGGTGCGGACCTTCTCCA,1,chr6:50622410.0-50622429.0(+),A1BG,0.528,0.14,-0.265,0.306
GCCGCTACCGCTGCCGCTCA,1,chr6:50627857.0-50627876.0(-),A1BG,0.214,0.21,0.24,0.306
GCAAGCTCCTGGAGCTGACG,1,chr6:50627809.0-50627828.0(-),A1BG,0.458,0.123,-0.101,0.305
GTCATTGAGAGCCAGGGAGG,1,chr6:50627393.0-50627412.0(+),A1BG,-0.001,0.511,0.132,0.29
TGGACCTGAAGCCGCCTTTT,1,chr6:50625251.0-50625270.0(-),A1BG,-0.121,0.618,0.182,0.285
TCCCAGCAGGGCTCTGGAAA,1,chr6:50625337.0-50625356.0(+),A1BG,0.197,0.428,-0.139,0.281
GTGTGCCGAGGCGGGCTTCG,1,chr6:50627333.0-50627352.0(-),A1BG,0.308,0.044,0.272,0.281
CCCCGCCCAGGCCTCAGCTC,1,chr6:50622542.0-50622561.0(-),A1BG,0.204,0.173,0.258,0.278
GGAGAAGGTCCGCACCCCCG,1,chr6:50622409.0-50622428.0(-),A1BG,0.313,0.118,0.135,0.278
CTGCAGCTACCGGACCCATG,1,chr6:50627202.0-50627221.0(-),A1BG,0.388,-0.043,0.239,0.273
AAGCACCAGTTCCTGCTGAC,1,chr6:50627891.0-50627910.0(-),A1BG,0.339,0.015,0.238,0.272
GCTGCTGTCCTCAGAAGTGC,1,chr6:50621907.0-50621926.0(-),A1BG,0.349,0.089,0.096,0.271
CGTTTTCGTTGTCATGCAGC,1,chr6:50626314.0-50626333.0(+),A1BG,-0.082,0.729,-0.131,0.261
CGAGCTGCACAACATTTCGG,1,chr6:50625304.0-50625323.0(-),A1BG,0.317,0.07,0.159,0.258
ACAGGTGCCGCTACCGCTCC,1,chr6:50622335.0-50622354.0(-),A1BG,0.164,0.28,0.098,0.25
GGGAGCCCGACTGCACCACT,1,chr6:50621653.0-50621672.0(+),A1BG,0.301,0.089,0.137,0.247
TGGAAGTGCACTCCACTCAG,1,chr6:50626454.0-50626473.0(+),A1BG,0.369,-0.089,0.292,0.245
CTCCAGGAGCTTGCTCAGCT,1,chr6:50627815.0-50627834.0(+),A1BG,0.145,0.232,0.199,0.242
CAGCAGGAACTGGTGCTTGA,1,chr6:50627893.0-50627912.0(+),A1BG,-0.021,0.314,0.392,0.242
GGCACACTGCTGTTGTGTTC,1,chr6:50627346.0-50627365.0(+),A1BG,0.028,0.439,0.08,0.238
GGGCGCCTGCCACATGGGTC,1,chr6:50627190.0-50627209.0(+),A1BG,0.37,-0.02,0.161,0.238
TGCTGCTGTCCTCAGAAGTG,1,chr6:50621908.0-50621927.0(-),A1BG,0.318,0.089,0.08,0.236
GTGGACCTGAAGCCGCCTTT,1,chr6:50625252.0-50625271.0(-),A1BG,-0.185,0.618,0.201,0.236
CAGGCTCCCAGCTACTTGGG,4,chr6:50621587.0-50621606.0(+),A1BG,0.326,0.089,0.061,0.234
AGATGTGGCGATGCATGCCC,1,chr6:50621568.0-50621587.0(+),A1BG,0.378,0.089,-0.046,0.233
AGCAAGCTCCTGGAGCTGAC,1,chr6:50627810.0-50627829.0(-),A1BG,0.281,0.123,0.085,0.231
CAAGGTGACCCTCGCCTGCG,1,chr6:50626482.0-50626501.0(-),A1BG,0.051,0.351,0.161,0.23
GTAGACGCAGCTGTAGTTGG,1,chr6:50625272.0-50625291.0(+),A1BG,0.406,0.111,-0.149,0.226
ATTAATTCCTGGCAGGAATG,1,chr6:50621809.0-50621828.0(+),A1BG,0.159,0.089,0.369,0.225
GCAACTATAGCTGCAGCTAC,1,chr6:50627212.0-50627231.0(-),A1BG,0.42,-0.004,0.004,0.223
AGACGCCGTCCTGCGCTGCG,1,chr6:50622487.0-50622506.0(-),A1BG,0.357,-0.061,0.219,0.222
CCCATCCACTTTCAGGACAC,1,chr6:50621725.0-50621744.0(+),A1BG,0.151,0.089,0.375,0.22
TCTGCTGCAACAGGACGGGT,1,chr6:50621865.0-50621884.0(+),A1BG,0.296,0.089,0.088,0.219
GCCCTGGTACGCGAGGACGG,1,chr6:50625378.0-50625397.0(-),A1BG,0.257,0.201,-0.022,0.219
TGGAGCCCAGTGGTGCAGTC,1,chr6:50621661.0-50621680.0(-),A1BG,0.243,0.089,0.185,0.216
CTGCCACCAGGAGCTCCACG,1,chr6:50622277.0-50622296.0(+),A1BG,0.454,0.089,-0.232,0.216
GGTCAGCTGGAGGTTTGCAG,1,chr6:50622383.0-50622402.0(+),A1BG,0.27,0.028,0.227,0.214
CAGGAATTCAAGACAAGCTT,11,chr6:50621514.0-50621533.0(+),A1BG,0.243,0.089,0.181,0.214
AGGGTCTCACTCTGTCACCC,100,chr6:50621685.0-50621704.0(-),A1BG,0.259,0.089,0.147,0.214
TCCTGCTGACGGGTGACACC,1,chr6:50627881.0-50627900.0(-),A1BG,0.259,0.056,0.199,0.212
GCAGCAGCACCCTGGGCCCG,1,chr6:50621922.0-50621941.0(+),A1BG,0.152,0.089,0.353,0.212
GGCGCTCCCTCATTCCTGCC,1,chr6:50621819.0-50621838.0(-),A1BG,0.194,0.089,0.27,0.211
GCAGAAGGCTGGGCTCCCTG,1,chr6:50621850.0-50621869.0(-),A1BG,0.441,0.089,-0.228,0.206
GTGCACTTCCAGCTGTGGCG,1,chr6:50626445.0-50626464.0(-),A1BG,0.364,0.122,-0.141,0.201
TAAAATGTCTTGGACTCCCA,1,chr6:50621767.0-50621786.0(-),A1BG,0.315,0.089,0.006,0.199
CGCAGCGCAGGACGGCGTCT,1,chr6:50622487.0-50622506.0(+),A1BG,-0.05,0.392,0.224,0.197
GAGCAAGCTCCTGGAGCTGA,1,chr6:50627811.0-50627830.0(-),A1BG,0.326,0.123,-0.077,0.197
GCTCCGGGCAGCGTGGAGTG,1,chr6:50622526.0-50622545.0(-),A1BG,0.145,0.134,0.254,0.193
TCACCTTGTCGCCTGGGCTC,1,chr6:50626494.0-50626513.0(+),A1BG,0.008,0.337,0.189,0.192
GTCGGAGCTCAGCGACCCCG,1,chr6:50622295.0-50622314.0(-),A1BG,0.37,0.089,-0.125,0.189
GTCGCCTGGGCTCAGGACCT,1,chr6:50626501.0-50626520.0(+),A1BG,-0.305,0.632,0.296,0.181
GTTCAGGCCGGGTGTGATCC,1,chr6:50627362.0-50627381.0(+),A1BG,0.205,0.085,0.189,0.18
AGCTCCGGGCAGCGTGGAGT,1,chr6:50622527.0-50622546.0(-),A1BG,0.171,0.134,0.167,0.177
GCAGCTGTAGTTGGCGGAGT,1,chr6:50625278.0-50625297.0(+),A1BG,0.381,0.293,-0.513,0.174
TGCTGTCCTCAGAAGTGCGG,1,chr6:50621905.0-50621924.0(-),A1BG,0.222,0.089,0.135,0.174
GTCATGCAGCCGGTAGCGGC,1,chr6:50626324.0-50626343.0(+),A1BG,0.102,0.422,-0.191,0.167
GACGCCGTCCTGCGCTGCGA,1,chr6:50622486.0-50622505.0(-),A1BG,0.367,-0.061,0.076,0.164
GCCAGCCCGGTGGACAGGAA,1,chr6:50627230.0-50627249.0(+),A1BG,0.169,0.114,0.177,0.164
GAGGTTTGCAGCGGCCTCGG,1,chr6:50622392.0-50622411.0(+),A1BG,0.237,0.204,-0.105,0.164
GGATGGGGCCCTCGCAGCGC,1,chr6:50622475.0-50622494.0(+),A1BG,0.066,0.146,0.32,0.161
CAGGCATCTCCAGAAACTCA,1,chr6:50627277.0-50627296.0(+),A1BG,0.147,0.14,0.163,0.157
CGTCAGCATCACATTGGCTG,1,chr6:50627998.0-50628017.0(+),A1BG,0.096,0.25,0.075,0.155
TTAAAATGTCTTGGACTCCC,1,chr6:50621768.0-50621787.0(-),A1BG,0.259,0.089,0.014,0.153
CGACCCCGTGGAGCTCCTGG,1,chr6:50622283.0-50622302.0(-),A1BG,0.412,0.089,-0.29,0.151
GTCCTGTTGCAGCAGAAGGC,1,chr6:50621861.0-50621880.0(-),A1BG,0.182,0.089,0.158,0.149
CCTGAACGCGGTGGCCCTGG,1,chr6:50626365.0-50626384.0(-),A1BG,0.336,0.097,-0.168,0.144
CACCGTTTCCAGAGCCCTGC,1,chr6:50625342.0-50625361.0(-),A1BG,-0.08,0.341,0.24,0.14
TCTGGGCTGGTGCTGCTCCT,1,chr6:50626400.0-50626419.0(+),A1BG,0.307,0.142,-0.197,0.138
AGGTGCCGCTACCGCTCCTG,1,chr6:50622333.0-50622352.0(-),A1BG,0.171,0.28,-0.16,0.137
GAGCGCCCTCCAGCCCCCCA,1,chr6:50621832.0-50621851.0(+),A1BG,0.193,0.089,0.109,0.136
GATTCCAGCCCACTCAGCCC,1,chr6:50621747.0-50621766.0(+),A1BG,0.269,0.089,-0.048,0.133
ACCTGAACGCGGTGGCCCTG,1,chr6:50626366.0-50626385.0(-),A1BG,0.27,0.097,-0.064,0.132
GCGCGGGGAGAAAGAGCTGC,1,chr6:50626428.0-50626447.0(-),A1BG,0.198,0.222,-0.133,0.129
AAAGAAGATGCGGTCTGGGC,1,chr6:50626387.0-50626406.0(+),A1BG,-0.143,0.458,0.148,0.129
CCCGCCCAGGCCTCAGCTCC,1,chr6:50622541.0-50622560.0(-),A1BG,0.04,0.173,0.243,0.122
CAGGTGCCGCTACCGCTCCT,1,chr6:50622334.0-50622353.0(-),A1BG,0.054,0.28,0.037,0.122
GACTTCCAGCTGTTCAAGAA,1,chr6:50627954.0-50627973.0(-),A1BG,0.147,0.195,-0.007,0.121
TGAACAACCCTGAGCGGCAG,1,chr6:50627847.0-50627866.0(+),A1BG,0.457,0.27,-0.745,0.119
CTTCCAGCTGTTCAAGAATG,1,chr6:50627952.0-50627971.0(-),A1BG,0.292,-0.097,0.183,0.119
GAGGACAGCAGCAGCACCCT,1,chr6:50621915.0-50621934.0(+),A1BG,0.167,0.089,0.122,0.119
CATGATGGTCGTGCTCACTC,1,chr6:50628309.0-50628328.0(+),A1BG,0.349,-0.178,0.201,0.118
TGCCGCTCAGGGTTGTTCAC,1,chr6:50627846.0-50627865.0(-),A1BG,-0.017,0.416,-0.055,0.118
ATTCCAGCCCACTCAGCCCT,1,chr6:50621748.0-50621767.0(+),A1BG,0.149,0.089,0.153,0.117
CTGGAGCCCAGTGGTGCAGT,2,chr6:50621662.0-50621681.0(-),A1BG,0.152,0.089,0.133,0.11
CTGATGCAGCCGCGGGCCCA,1,chr6:50621934.0-50621953.0(-),A1BG,0.131,0.089,0.172,0.109
CAATGTGATGCTGACGTGCC,1,chr6:50627994.0-50628013.0(-),A1BG,-0.26,0.461,0.321,0.104
TCCGCCCAGGTCCTGAGCCC,1,chr6:50626508.0-50626527.0(-),A1BG,-0.006,0.24,0.182,0.103
GTTCAAGAATGGGGTGGCCC,1,chr6:50627943.0-50627962.0(-),A1BG,0.095,0.315,-0.142,0.102
CTTCTTTCACCTGAACGCGG,1,chr6:50626374.0-50626393.0(-),A1BG,-0.064,0.303,0.183,0.098
TCTTGAACAGCTGGAAGTCT,1,chr6:50627955.0-50627974.0(+),A1BG,0.025,0.155,0.25,0.098
CCGCCCCACTCCACGCTGCC,1,chr6:50622520.0-50622539.0(+),A1BG,-0.071,0.375,0.075,0.097
ACCTCCAGCTGACCTTCGTG,1,chr6:50622377.0-50622396.0(-),A1BG,0.422,-0.162,-0.019,0.095
AGAAGGCTGGGCTCCCTGGG,1,chr6:50621848.0-50621867.0(-),A1BG,0.191,0.089,0.022,0.095
CCATAGTGCATCAGTGCAGG,1,chr6:50626532.0-50626551.0(+),A1BG,0.14,0.345,-0.3,0.093
CCAGGAATTCAAGACAAGCT,8,chr6:50621513.0-50621532.0(+),A1BG,0.092,0.089,0.211,0.092
GCCTGGGAGATCAAGGCTGC,100,chr6:50621632.0-50621651.0(+),A1BG,0.153,0.089,0.092,0.092
TCCACTCAGGGGAGCCACGC,1,chr6:50626465.0-50626484.0(+),A1BG,0.027,0.152,0.233,0.09
CGTTTGAGCCTGGGAGATCA,4,chr6:50621625.0-50621644.0(+),A1BG,0.152,0.089,0.088,0.089
GTCAAGGTGCACGGGCTCCT,1,chr6:50627923.0-50627942.0(+),A1BG,0.034,0.196,0.139,0.086
GCAGGCTCAGCAGTGAACTC,1,chr6:50625468.0-50625487.0(+),A1BG,0.392,-0.046,-0.176,0.084
GCTTGATGGCAGGTGAGTCA,1,chr6:50627907.0-50627926.0(+),A1BG,0.158,-0.071,0.321,0.081
GCTGGAAGTGCACTCCACTC,1,chr6:50626452.0-50626471.0(+),A1BG,0.187,-0.089,0.293,0.08
CTGGAAGTGCACTCCACTCA,1,chr6:50626453.0-50626472.0(+),A1BG,0.187,-0.089,0.29,0.078
CTTCTGTCACTGGGCCCACG,1,chr6:50628175.0-50628194.0(+),A1BG,0.473,-0.295,0.052,0.073
CGAGCGCTTGGAGCTGCGCG,1,chr6:50625214.0-50625233.0(-),A1BG,0.197,0.009,0.088,0.069
TCTCAATGACGCCTGTGTCC,1,chr6:50627383.0-50627402.0(-),A1BG,0.114,-0.024,0.297,0.064
GAGATGCCTGAGGCCCAGGA,1,chr6:50627267.0-50627286.0(-),A1BG,0.429,0.026,-0.41,0.064
GGGGCCCCACGAAGGTCAGC,1,chr6:50622370.0-50622389.0(+),A1BG,-0.074,0.295,0.139,0.063
CCTCGGTCCCAGCAGGGCTC,1,chr6:50625331.0-50625350.0(+),A1BG,-0.296,0.605,0.064,0.062
CAGAATCCCCCGCACTTCTG,1,chr6:50621896.0-50621915.0(+),A1BG,0.22,0.089,-0.113,0.059
TGCATGACAACGAAAACGCC,1,chr6:50626312.0-50626331.0(-),A1BG,0.055,0.222,-0.029,0.048
CAGGGGAGCCACGCAGGCGA,1,chr6:50626471.0-50626490.0(+),A1BG,0.087,0.161,-0.007,0.041
TCGCTCAGAATCAGCTCGAC,1,chr6:50626271.0-50626290.0(+),A1BG,-0.04,0.245,0.101,0.039
CAGAAGGCTGGGCTCCCTGG,1,chr6:50621849.0-50621868.0(-),A1BG,0.194,0.089,-0.107,0.038
AGCTATAGTTGCCAGCCCGG,1,chr6:50627220.0-50627239.0(+),A1BG,0.283,-0.132,0.08,0.037
CTCCACGCTGCCCGGAGCTG,1,chr6:50622528.0-50622547.0(+),A1BG,-0.0,0.106,0.233,0.031
TAGTTGCCAGCCCGGTGGAC,1,chr6:50627225.0-50627244.0(+),A1BG,0.054,0.113,0.112,0.03
GCCTGAGGCCCAGGAGGGTG,1,chr6:50627262.0-50627281.0(-),A1BG,0.065,0.508,-0.562,0.028
CCAGCTGTTCAAGAATGGGG,1,chr6:50627949.0-50627968.0(-),A1BG,0.089,0.04,0.161,0.028
AAGTGCGGGGGATTCTGGAC,1,chr6:50621893.0-50621912.0(-),A1BG,0.013,0.089,0.226,0.027
ACCCTGAGCGGCAGCGGTAG,1,chr6:50627853.0-50627872.0(+),A1BG,0.269,0.346,-0.707,0.025
ACCCGTCCTGTTGCAGCAGA,1,chr6:50621865.0-50621884.0(-),A1BG,0.202,0.089,-0.16,0.021
CAAGCACCAGTTCCTGCTGA,1,chr6:50627892.0-50627911.0(-),A1BG,0.234,0.015,-0.101,0.02
CCGGGCAGCGTGGAGTGGGG,1,chr6:50622523.0-50622542.0(-),A1BG,-0.016,0.235,0.029,0.02
GCTTCTGTCACTGGGCCCAC,1,chr6:50628174.0-50628193.0(+),A1BG,0.363,-0.174,-0.049,0.018
GACCATCATGTCCATGCTGG,1,chr6:50628299.0-50628318.0(-),A1BG,0.212,0.122,-0.248,0.014
GGCCACCAGCATGGACATGA,1,chr6:50628294.0-50628313.0(+),A1BG,0.247,0.091,-0.27,0.013
CTTCGAGCTGCACAACATTT,1,chr6:50625307.0-50625326.0(-),A1BG,-0.31,0.492,0.168,0.012
CATCTTCTTTCACCTGAACG,1,chr6:50626377.0-50626396.0(-),A1BG,0.316,-0.118,-0.074,0.007
TTCTGCTGCAACAGGACGGG,1,chr6:50621864.0-50621883.0(+),A1BG,0.046,0.089,0.118,0.007
GTGGAGTGCACTTCCAGCTG,1,chr6:50626450.0-50626469.0(-),A1BG,0.085,0.092,0.027,0.002
CAGTAGCGCTGGGCTCAGAG,1,chr6:50627169.0-50627188.0(+),A1BG,0.443,-0.499,0.289,0.001
GTCTGGGCTGGTGCTGCTCC,1,chr6:50626399.0-50626418.0(+),A1BG,0.175,0.142,-0.238,-0.0
GACCCAGCTGAGCAAGCTCC,1,chr6:50627820.0-50627839.0(-),A1BG,0.259,0.019,-0.206,-0.002
CTCTGCCCACAGGCTGGGCT,1,chr6:50628040.0-50628059.0(+),A1BG,-0.138,0.155,0.346,-0.006
GTAGTGACCTCCATCCCCCA,1,chr6:50626348.0-50626367.0(+),A1BG,0.437,-0.418,0.154,-0.006
ACTTGGGAGGCTGAGGCAGG,100,chr6:50621600.0-50621619.0(+),A1BG,-0.094,0.089,0.361,-0.009
AGGGAGCCCGACTGCACCAC,1,chr6:50621652.0-50621671.0(+),A1BG,0.202,0.089,-0.226,-0.009
TGTCACCCGTCAGCAGGAAC,1,chr6:50627883.0-50627902.0(+),A1BG,0.041,0.21,-0.113,-0.013
TGTAGTGACCTCCATCCCCC,1,chr6:50626347.0-50626366.0(+),A1BG,0.48,-0.418,0.053,-0.014
AGGTGTTGGGCCCCCAGGAG,1,chr6:50622319.0-50622338.0(+),A1BG,-0.011,0.28,-0.129,-0.014
AGGCCGCCTTTCCTGTCCAC,1,chr6:50627239.0-50627258.0(-),A1BG,0.312,-0.225,0.065,-0.014
GCTGGAAGTCTGGGGTCCCC,1,chr6:50627964.0-50627983.0(+),A1BG,0.303,-0.245,0.114,-0.015
GCTACTTGGGAGGCTGAGGC,100,chr6:50621597.0-50621616.0(+),A1BG,0.08,0.089,-0.003,-0.018
GGAGATGCCTGAGGCCCAGG,1,chr6:50627268.0-50627287.0(-),A1BG,0.396,0.026,-0.528,-0.02
CCCAGCTACTTGGGAGGCTG,100,chr6:50621593.0-50621612.0(+),A1BG,0.21,0.089,-0.265,-0.02
AGCTCCGACTCGAAGGTGTT,1,chr6:50622306.0-50622325.0(+),A1BG,0.22,-0.158,0.119,-0.022
CGCAGCTCCAAGCGCTCGCT,1,chr6:50625216.0-50625235.0(+),A1BG,-0.218,0.31,0.213,-0.022
CTCCAAGCGCTCGCTGGGCG,1,chr6:50625221.0-50625240.0(+),A1BG,0.125,-0.136,0.259,-0.026
GGCAGGTGAGTCAAGGTGCA,1,chr6:50627914.0-50627933.0(+),A1BG,0.382,-0.442,0.248,-0.03
GCCTGCGTGGCTCCCCTGAG,1,chr6:50626469.0-50626488.0(-),A1BG,0.059,-0.089,0.287,-0.038
CGAGACGAAGGCCGTGGAGA,1,chr6:50622424.0-50622443.0(-),A1BG,0.2,0.14,-0.368,-0.039
TCAATGATCACAGTAGCGCT,1,chr6:50627159.0-50627178.0(+),A1BG,0.319,-0.391,0.271,-0.039
AGCTACCGGACCCATGTGGC,1,chr6:50627198.0-50627217.0(-),A1BG,0.072,-0.043,0.182,-0.04
GCGCAGCTCCAAGCGCTCGC,1,chr6:50625215.0-50625234.0(+),A1BG,-0.336,0.31,0.389,-0.048
GCCTTTCCTGTCCACCGGGC,1,chr6:50627234.0-50627253.0(-),A1BG,0.174,-0.132,0.078,-0.062
CACATTTATTAATTCCTGGC,1,chr6:50621802.0-50621821.0(+),A1BG,-0.1,0.089,0.256,-0.063
GGAGGGCGCGCGCTTCGCCC,1,chr6:50625394.0-50625413.0(-),A1BG,0.209,-0.153,0.019,-0.074
TGCACTTCCAGCTGTGGCGC,1,chr6:50626444.0-50626463.0(-),A1BG,-0.025,0.122,0.028,-0.074
TGTGACTTTTCTGCTGAGGC,1,chr6:50627310.0-50627329.0(-),A1BG,0.133,-0.084,0.051,-0.076
CAGAGAGGGCGCCTGCCACA,1,chr6:50627184.0-50627203.0(+),A1BG,0.026,-0.043,0.192,-0.077
CAGCAGCTCGAAGGTGACGT,1,chr6:50622452.0-50622471.0(+),A1BG,0.482,-0.415,-0.109,-0.083
AGCCCCCAAAAGGCGGCTTC,1,chr6:50625244.0-50625263.0(+),A1BG,-0.684,0.792,0.202,-0.085
TGAGGCCCAGGAGGGTGTGG,1,chr6:50627259.0-50627278.0(-),A1BG,0.028,0.336,-0.453,-0.085
CTTGGACTCCCAGGGCTGAG,1,chr6:50621759.0-50621778.0(-),A1BG,0.135,0.089,-0.263,-0.087
AGCGGCAGCGGTAGCGGCCC,1,chr6:50627859.0-50627878.0(+),A1BG,-0.143,0.454,-0.323,-0.092
AGTAGCGCTGGGCTCAGAGA,1,chr6:50627170.0-50627189.0(+),A1BG,0.344,-0.499,0.275,-0.095
GCAGGTGAGTCAAGGTGCAC,1,chr6:50627915.0-50627934.0(+),A1BG,0.36,-0.442,0.146,-0.097
GGCCGCTACCGCTGCCGCTC,1,chr6:50627858.0-50627877.0(-),A1BG,-0.105,0.21,-0.011,-0.098
ATGAGACCCAGCCCAGCCTG,1,chr6:50628049.0-50628068.0(-),A1BG,0.074,-0.163,0.24,-0.103
CAAGAGAAAGGCCACCAGCA,1,chr6:50628285.0-50628304.0(+),A1BG,0.046,0.122,-0.182,-0.106
CAGCGACCCCGTGGAGCTCC,1,chr6:50622286.0-50622305.0(-),A1BG,0.1,0.089,-0.241,-0.109
GTGGAGTGGGGCGGTGCTGG,1,chr6:50622514.0-50622533.0(-),A1BG,0.159,0.082,-0.351,-0.111
AGAGAGGGCGCCTGCCACAT,1,chr6:50627185.0-50627204.0(+),A1BG,-0.047,-0.043,0.258,-0.113
TTCTTGAACAGCTGGAAGTC,1,chr6:50627954.0-50627973.0(+),A1BG,-0.219,0.155,0.271,-0.113
TCAGGGGAGCCACGCAGGCG,1,chr6:50626470.0-50626489.0(+),A1BG,-0.092,0.161,0.006,-0.116
CAGTGTGCCGAGGCGGGCTT,1,chr6:50627335.0-50627354.0(-),A1BG,-0.128,0.044,0.256,-0.122
GCAGCTCGAAGGTGACGTCG,1,chr6:50622454.0-50622473.0(+),A1BG,0.424,-0.283,-0.315,-0.13
TGCTTCTGTCACTGGGCCCA,1,chr6:50628173.0-50628192.0(+),A1BG,0.172,-0.174,-0.009,-0.136
GGGGTGTGACTTTTCTGCTG,1,chr6:50627314.0-50627333.0(-),A1BG,0.265,-0.003,-0.475,-0.137
TGGAGTGGGGCGGTGCTGGC,1,chr6:50622513.0-50622532.0(-),A1BG,0.079,0.082,-0.251,-0.138
ATGTGGCTGCTTCTGTCACT,1,chr6:50628166.0-50628185.0(+),A1BG,-0.11,0.31,-0.256,-0.139
CTGTAGCTGCCAGCGTGCTG,1,chr6:50622351.0-50622370.0(+),A1BG,0.148,-0.178,0.039,-0.14
TTCGCCCTGGTACGCGAGGA,1,chr6:50625381.0-50625400.0(-),A1BG,0.116,-0.016,-0.171,-0.142
GCCTCAGCCTCCCAAGTAGC,100,chr6:50621597.0-50621616.0(-),A1BG,-0.029,0.089,-0.069,-0.147
CTCGACTGGCGTGCTGTCCT,1,chr6:50626285.0-50626304.0(+),A1BG,0.037,-0.164,0.206,-0.152
AGCAGCTCGAAGGTGACGTC,1,chr6:50622453.0-50622472.0(+),A1BG,0.307,-0.283,-0.133,-0.153
CACGACCATCATGTCCATGC,1,chr6:50628302.0-50628321.0(-),A1BG,-0.017,0.037,-0.028,-0.156
GCGGTGGCCCTGGGGGATGG,1,chr6:50626358.0-50626377.0(-),A1BG,0.093,-0.297,0.298,-0.159
CGCCGCCGTCCTCGCGTACC,1,chr6:50625373.0-50625392.0(+),A1BG,-0.151,0.052,0.206,-0.16
GGAGCGCCCTCCAGCCCCCC,1,chr6:50621831.0-50621850.0(+),A1BG,-0.01,0.089,-0.141,-0.163
AACCTCCAGCTGACCTTCGT,1,chr6:50622378.0-50622397.0(-),A1BG,0.092,-0.086,-0.058,-0.164
CTCGAAGGTGTTGGGCCCCC,1,chr6:50622314.0-50622333.0(+),A1BG,0.129,-0.193,0.046,-0.165
TGGTACGCGAGGACGGCGGC,1,chr6:50625374.0-50625393.0(-),A1BG,0.15,-0.007,-0.311,-0.169
TGGCGTGCTGTCCTCGGACC,1,chr6:50626291.0-50626310.0(+),A1BG,0.249,-0.263,-0.093,-0.173
TTCGGACTCTGCCCACAGGC,1,chr6:50628034.0-50628053.0(+),A1BG,-0.042,-0.163,0.316,-0.173
CAGCGCTACTGTGATCATTG,1,chr6:50627160.0-50627179.0(-),A1BG,0.354,-0.568,0.195,-0.175
GGAAGGCGACCATGAGTTTC,1,chr6:50627289.0-50627308.0(-),A1BG,-0.121,0.14,-0.032,-0.176
CAGCAGAAGGCTGGGCTCCC,1,chr6:50621852.0-50621871.0(-),A1BG,-0.006,0.089,-0.19,-0.182
GGCCGCCTTTCCTGTCCACC,1,chr6:50627238.0-50627257.0(-),A1BG,0.213,-0.225,-0.111,-0.185
GCGGCAGCGGTAGCGGCCCC,1,chr6:50627860.0-50627879.0(+),A1BG,-0.518,0.704,-0.2,-0.186
TGGGCCCCCAGGAGCGGTAG,1,chr6:50622325.0-50622344.0(+),A1BG,0.154,0.197,-0.692,-0.187
ACTCCGGTGCAGTGAGTGTC,1,chr6:50628325.0-50628344.0(+),A1BG,0.079,-0.278,0.234,-0.187
TCTCACTCTGTCACCCAGGC,100,chr6:50621681.0-50621700.0(-),A1BG,-0.047,0.089,-0.123,-0.188
ACTTCCAGCTGTTCAAGAAT,1,chr6:50627953.0-50627972.0(-),A1BG,-0.155,0.195,-0.09,-0.19
AGCGTGCTGGGGCCCCACGA,1,chr6:50622362.0-50622381.0(+),A1BG,0.097,-0.162,0.003,-0.19
TGGTGGCCTTTCTCTTGCTC,1,chr6:50628282.0-50628301.0(-),A1BG,0.129,-0.093,-0.181,-0.193
CGCACGCGCGTGCCGGGCTC,1,chr6:50625435.0-50625454.0(+),A1BG,-0.161,-0.045,0.307,-0.196
AGCAGAAGGCTGGGCTCCCT,1,chr6:50621851.0-50621870.0(-),A1BG,0.01,0.089,-0.26,-0.2
ACCTTCGAGCTGCTGCGCGA,1,chr6:50622447.0-50622466.0(-),A1BG,0.226,-0.448,0.174,-0.21
TCTTCACATTTATTAATTCC,1,chr6:50621798.0-50621817.0(+),A1BG,-0.298,0.089,0.312,-0.216
CACAGGCGTCATTGAGAGCC,1,chr6:50627386.0-50627405.0(+),A1BG,-0.567,0.5,0.16,-0.219
GCTGCGCGAGGGCGAGACGA,1,chr6:50622436.0-50622455.0(-),A1BG,0.18,-0.355,0.07,-0.23
CAACGAAAACGCCTGGTCCG,1,chr6:50626305.0-50626324.0(-),A1BG,0.14,-0.263,-0.005,-0.231
CCTCAGCCTCCCAAGTAGCT,100,chr6:50621596.0-50621615.0(-),A1BG,-0.241,0.089,0.165,-0.231
GCCCAGCCTTCTGCTGCAAC,1,chr6:50621856.0-50621875.0(+),A1BG,-0.198,0.089,0.074,-0.235
GCACGCGCGTGCCGGGCTCC,1,chr6:50625436.0-50625455.0(+),A1BG,-0.225,-0.045,0.318,-0.249
GGCGGCCTCCACACCCTCCT,1,chr6:50627251.0-50627270.0(+),A1BG,-0.031,0.143,-0.384,-0.252
CCAAGCTTGTCTTGAATTCC,8,chr6:50621516.0-50621535.0(-),A1BG,-0.305,0.089,0.227,-0.261
CTCGAAGGTGACGTCGGGGA,1,chr6:50622458.0-50622477.0(+),A1BG,0.048,-0.22,0.037,-0.263
GGGGCCCAACACCTTCGAGT,1,chr6:50622313.0-50622332.0(-),A1BG,0.372,-0.721,0.201,-0.273
GCCCGGAGCTGAGGCCTGGG,1,chr6:50622537.0-50622556.0(+),A1BG,0.118,-0.269,-0.045,-0.274
AGGCGGCCTCCACACCCTCC,2,chr6:50627250.0-50627269.0(+),A1BG,-0.087,0.143,-0.33,-0.279
AGAGTTTGTTTAAAATGTCT,1,chr6:50621777.0-50621796.0(-),A1BG,-0.339,0.089,0.251,-0.281
CTGGTACGCGAGGACGGCGG,1,chr6:50625375.0-50625394.0(-),A1BG,0.099,-0.007,-0.455,-0.281
CACGTAGACGCAGCTGTAGT,1,chr6:50625269.0-50625288.0(+),A1BG,-0.113,0.111,-0.232,-0.282
GTCGCTGAGCTCCGACTCGA,1,chr6:50622299.0-50622318.0(+),A1BG,0.297,-0.721,0.318,-0.287
TGACGTGCCAGGCCCGCCTG,1,chr6:50627983.0-50628002.0(-),A1BG,0.095,-0.328,0.068,-0.288
TGGAGGTTTGCAGCGGCCTC,1,chr6:50622390.0-50622409.0(+),A1BG,-0.254,0.204,-0.13,-0.293
ACTTTTCTGCTGAGGCGGGA,1,chr6:50627306.0-50627325.0(-),A1BG,-0.059,-0.35,0.391,-0.295
GGTGGCCTTTCTCTTGCTCT,1,chr6:50628281.0-50628300.0(-),A1BG,-0.061,-0.093,-0.029,-0.296
CGGAGCTGAGGCCTGGGCGG,1,chr6:50622540.0-50622559.0(+),A1BG,-0.16,-0.05,0.093,-0.297
TCGGACTCTGCCCACAGGCT,1,chr6:50628035.0-50628054.0(+),A1BG,-0.151,-0.163,0.257,-0.299
GTGTGACTTTTCTGCTGAGG,1,chr6:50627311.0-50627330.0(-),A1BG,-0.042,-0.084,-0.094,-0.301
GGCTGGGCTCCCTGGGGGGC,2,chr6:50621844.0-50621863.0(-),A1BG,-0.295,0.089,0.108,-0.307
GCGAGGGTCACCTTGTCGCC,1,chr6:50626487.0-50626506.0(+),A1BG,-0.774,0.61,0.185,-0.312
AGCGTGGAGTGGGGCGGTGC,1,chr6:50622517.0-50622536.0(-),A1BG,0.053,-0.055,-0.355,-0.313
AGTGTGCCGAGGCGGGCTTC,1,chr6:50627334.0-50627353.0(-),A1BG,-0.313,0.044,0.201,-0.315
GAGCTCCGACTCGAAGGTGT,1,chr6:50622305.0-50622324.0(+),A1BG,0.308,-0.596,0.015,-0.322
GCCCTCGCGCAGCAGCTCGA,1,chr6:50622443.0-50622462.0(+),A1BG,0.027,-0.447,0.322,-0.322
AGTCAAGGTGCACGGGCTCC,1,chr6:50627922.0-50627941.0(+),A1BG,-0.268,0.005,0.158,-0.323
TTGCAGCGGCCTCGGGGGTG,1,chr6:50622397.0-50622416.0(+),A1BG,-0.371,0.148,0.124,-0.325
AAAGGAACCCATCCACTTTC,1,chr6:50621718.0-50621737.0(+),A1BG,-0.292,0.089,0.05,-0.331
TTGGACTCCCAGGGCTGAGT,1,chr6:50621758.0-50621777.0(-),A1BG,0.027,0.089,-0.596,-0.338
CTGGGCGCGGAGCCCCCAAA,1,chr6:50625234.0-50625253.0(+),A1BG,-0.6,0.355,0.197,-0.341
CGAAGGTGACGTCGGGGATG,1,chr6:50622460.0-50622479.0(+),A1BG,0.149,-0.276,-0.246,-0.343
CCTGTAGCTGCCAGCGTGCT,1,chr6:50622350.0-50622369.0(+),A1BG,0.045,-0.54,0.389,-0.345
TGCCCAGGCTCCCAGCTACT,2,chr6:50621583.0-50621602.0(+),A1BG,-0.266,0.089,-0.044,-0.35
TAGTGCATCAGTGCAGGTGG,1,chr6:50626535.0-50626554.0(+),A1BG,0.12,-0.103,-0.498,-0.355
TGCATCAGTGCAGGTGGTGG,1,chr6:50626538.0-50626557.0(+),A1BG,0.115,0.017,-0.685,-0.355
CCGCAGCCGCACGCGCGTGC,1,chr6:50625428.0-50625447.0(+),A1BG,-0.335,0.009,0.211,-0.356
CACCTGAACGCGGTGGCCCT,1,chr6:50626367.0-50626386.0(-),A1BG,-0.246,0.097,-0.118,-0.36
CTCCGCGCCCAGCGAGCGCT,1,chr6:50625226.0-50625245.0(-),A1BG,-0.209,0.011,-0.05,-0.361
AAACCTCCAGCTGACCTTCG,1,chr6:50622379.0-50622398.0(-),A1BG,-0.169,-0.086,0.007,-0.371
TCCTTTTCTTTTTTGAGACA,35,chr6:50621704.0-50621723.0(-),A1BG,-0.444,0.089,0.235,-0.384
ACTCTGCCCACAGGCTGGGC,1,chr6:50628039.0-50628058.0(+),A1BG,-0.335,-0.099,0.31,-0.392
CTCAGAAGTGCGGGGGATTC,1,chr6:50621898.0-50621917.0(-),A1BG,-0.433,0.089,0.16,-0.408
TCGAAGGTGACGTCGGGGAT,1,chr6:50622459.0-50622478.0(+),A1BG,-0.003,-0.276,-0.09,-0.41
GCTGATGCAGCCGCGGGCCC,1,chr6:50621935.0-50621954.0(-),A1BG,-0.438,0.089,0.163,-0.411
GGAAGTCTGGGGTCCCCAGG,1,chr6:50627967.0-50627986.0(+),A1BG,-0.057,-0.339,0.106,-0.415
CCCAGCACGCTGGCAGCTAC,1,chr6:50622353.0-50622372.0(-),A1BG,0.013,-0.19,-0.295,-0.425
ACCTGTAGCTGCCAGCGTGC,1,chr6:50622349.0-50622368.0(+),A1BG,-0.031,-0.54,0.365,-0.425
ACTCCCAGGGCTGAGTGGGC,1,chr6:50621754.0-50621773.0(-),A1BG,-0.195,0.089,-0.359,-0.431
TGGGCTCCCTGGGGGGCTGG,2,chr6:50621841.0-50621860.0(-),A1BG,-0.509,0.089,0.234,-0.443
GCAGGAGGATCGTTTGAGCC,100,chr6:50621615.0-50621634.0(+),A1BG,-0.443,0.089,0.102,-0.444
GCCCAGGCTCCCAGCTACTT,1,chr6:50621584.0-50621603.0(+),A1BG,-0.349,0.089,-0.089,-0.447
CACCTTCGAGCTGCTGCGCG,1,chr6:50622448.0-50622467.0(-),A1BG,-0.06,-0.448,0.22,-0.449
CGAGGGCGAGACGAAGGCCG,1,chr6:50622430.0-50622449.0(-),A1BG,-0.016,-0.169,-0.365,-0.466
CGAGGGTCACCTTGTCGCCT,1,chr6:50626488.0-50626507.0(+),A1BG,-0.821,0.448,0.204,-0.468
AAAATAATAATTTCTAGATG,1,chr6:50621553.0-50621572.0(+),A1BG,-0.495,0.089,0.144,-0.472
CAGGAGGATCGTTTGAGCCT,54,chr6:50621616.0-50621635.0(+),A1BG,-0.512,0.089,0.119,-0.498
CTTTCTCCCCGCGCCACAGC,1,chr6:50626434.0-50626453.0(+),A1BG,-0.475,0.092,0.002,-0.517
GCTGCCCGGAGCTGAGGCCT,1,chr6:50622534.0-50622553.0(+),A1BG,-0.519,0.097,0.08,-0.517
TCCACACCCTCCTGGGCCTC,1,chr6:50627258.0-50627277.0(+),A1BG,-0.317,-0.107,-0.024,-0.536
GGCGAAGCGCGCGCCCTCCA,1,chr6:50625395.0-50625414.0(+),A1BG,0.064,-0.641,0.089,-0.543
GCGACTCGGAACCCGGAGCC,1,chr6:50625450.0-50625469.0(-),A1BG,-0.558,-0.045,0.332,-0.544
CGCTGCCCGGAGCTGAGGCC,1,chr6:50622533.0-50622552.0(+),A1BG,-0.451,0.003,0.015,-0.557
TCACCTGAACGCGGTGGCCC,1,chr6:50626368.0-50626387.0(-),A1BG,-0.159,-0.244,-0.215,-0.584
GCGAAGCGCGCGCCCTCCAG,1,chr6:50625396.0-50625415.0(+),A1BG,-0.017,-0.641,0.157,-0.585
CTGACGTGCCAGGCCCGCCT,1,chr6:50627984.0-50628003.0(-),A1BG,-0.181,-0.328,-0.043,-0.589
CTGGAGGTTTGCAGCGGCCT,1,chr6:50622389.0-50622408.0(+),A1BG,-0.454,0.073,-0.183,-0.597
CCGGAGCTGAGGCCTGGGCG,1,chr6:50622539.0-50622558.0(+),A1BG,-0.329,-0.269,0.106,-0.609
GCGGTGCCTGGCGCCCCTGG,1,chr6:50625412.0-50625431.0(-),A1BG,-0.023,-0.641,0.113,-0.61
AACGCGGTGGCCCTGGGGGA,1,chr6:50626361.0-50626380.0(-),A1BG,-0.311,-0.245,-0.064,-0.653
TCCCAAGTAGCTGGGAGCCT,7,chr6:50621588.0-50621607.0(-),A1BG,-0.8,0.089,0.323,-0.666
CCGGCACGCGCGTGCGGCTG,1,chr6:50625431.0-50625450.0(-),A1BG,-0.359,0.062,-0.54,-0.683
TCAGCAGTGAACTCCGGCGC,1,chr6:50625474.0-50625493.0(+),A1BG,-0.037,-0.413,-0.392,-0.683
GCTCCAGGAGCTTGCTCAGC,1,chr6:50627814.0-50627833.0(+),A1BG,-0.717,0.207,-0.083,-0.688
TTCGTGGGGCCCCAGCACGC,1,chr6:50622363.0-50622382.0(-),A1BG,-0.315,-0.54,0.326,-0.702
CCCGGGTGTCACCCGTCAGC,1,chr6:50627877.0-50627896.0(+),A1BG,-0.722,0.015,0.169,-0.722
GCTGACGTGCCAGGCCCGCC,1,chr6:50627985.0-50628004.0(-),A1BG,-0.41,-0.328,0.067,-0.746
CGGTGCCTGGCGCCCCTGGA,1,chr6:50625411.0-50625430.0(-),A1BG,-0.252,-0.641,0.25,-0.755
TTCCTTTTCTTTTTTGAGAC,29,chr6:50621705.0-50621724.0(-),A1BG,-0.914,0.089,0.331,-0.766
GCGCGTGCGGCTGCGGTGCC,1,chr6:50625424.0-50625443.0(-),A1BG,-0.454,-0.414,0.232,-0.775
ACCCTGTCTCAAAAAAGAAA,100,chr6:50621700.0-50621719.0(+),A1BG,-0.828,0.089,0.131,-0.779
CCCCCAGGGCCACCGCGTTC,1,chr6:50626362.0-50626381.0(+),A1BG,-0.618,-0.118,-0.005,-0.808
TCTGGAGATGCCTGAGGCCC,1,chr6:50627271.0-50627290.0(-),A1BG,-0.14,-0.459,-0.419,-0.823
CTCAATGATCACAGTAGCGC,1,chr6:50627158.0-50627177.0(+),A1BG,-0.476,-0.391,0.068,-0.853
TGCAGCTATAGTTGCCAGCC,1,chr6:50627217.0-50627236.0(+),A1BG,-0.904,-0.101,0.382,-0.878
CCCGGAGCTGAGGCCTGGGC,1,chr6:50622538.0-50622557.0(+),A1BG,-0.495,-0.269,-0.171,-0.888
CGCAGCCGCACGCGCGTGCC,1,chr6:50625429.0-50625448.0(+),A1BG,-0.988,0.009,0.263,-0.925
GGGCGAAGCGCGCGCCCTCC,1,chr6:50625394.0-50625413.0(+),A1BG,-0.732,-0.248,0.039,-0.99
GCTGCGGTGCCTGGCGCCCC,1,chr6:50625415.0-50625434.0(-),A1BG,-0.267,-0.641,-0.238,-0.993
TGCACCACTGGGCTCCAGCC,8,chr6:50621664.0-50621683.0(+),A1BG,-0.94,0.089,-0.158,-1.014
GCACCACTGGGCTCCAGCCT,18,chr6:50621665.0-50621684.0(+),A1BG,-1.023,0.089,-0.17,-1.095
CCACCCCATTCTTGAACAGC,1,chr6:50627946.0-50627965.0(+),A1BG,-0.718,-0.313,-0.121,-1.1
CTGGGGTCCCCAGGCGGGCC,1,chr6:50627973.0-50627992.0(+),A1BG,-1.296,0.084,-0.035,-1.284
CTCCCAAGTAGCTGGGAGCC,15,chr6:50621589.0-50621608.0(-),A1BG,-1.635,0.089,0.405,-1.386
GAAGTCTGGGGTCCCCAGGC,1,chr6:50627968.0-50627987.0(+),A1BG,-1.229,-0.328,0.133,-1.458
GCGCGCCCTCCAGGGGCGCC,1,chr6:50625403.0-50625422.0(+),A1BG,-1.995,-0.641,-0.133,-2.511
